provider_name,provider_id,supported_products
TD Bank,td,"account_info,balances,customers,payments,statements,transactions,investments"
Capital One,capitalone,"payments,transactions,investments,account_info,balances,customers"
Transamerica,transamerica,"transactions,account_info,balances,investments"
PNC Bank,pnc,"investments,payments,transactions,account_info,balances,customers"
Wells Fargo,wellsfargo,"statements,transactions,account_info,balances,payments,investments,customers"
Oakstar,jackhenry:oakstar,"transactions,account_info,balances,payments,investments,customers"
Cogent Bank,fis:ecm063114661akoya,"transactions,account_info,balances,payments,investments,customers"
Caye International Bank,jackhenry:cayebank,"transactions,account_info,balances,payments,investments,customers"
IncredibleBank,jackhenry:rivervalleybank,"transactions,account_info,balances,payments,investments,customers"
LINKBANK,jackhenry:linkbank,"transactions,account_info,balances,payments,investments,customers"
Central Coast Federal Credit Union,jackhenry:centcoastfcu,"transactions,account_info,balances,payments,investments,customers"
The Seymour Bank,jackhenry:theseymourbank,"transactions,account_info,balances,payments,investments,customers"
TruPartner Credit Union,jackhenry:trupartnercu,"transactions,account_info,balances,payments,investments,customers"
Trustar Bank,jackhenry:trustarbank,"transactions,account_info,balances,payments,investments,customers"
Luana Savings Bank,jackhenry:luanasavingsbank,"transactions,account_info,balances,payments,investments,customers"
Chase,chase,"account_info,balances,customers,investments,payments,transactions"
Bank of Clarkson,jackhenry:bankofclarkson,"transactions,account_info,balances,payments,investments,customers"
Alpine Bank,jackhenry:alpinebank,"transactions,account_info,balances,payments,investments,customers"
First Heritage FCU,jackhenry:fhfcu,"transactions,account_info,balances,payments,investments,customers"
First Carolina Bank,jackhenry:firstcarolinabank,"transactions,account_info,balances,payments,investments,customers"
First State Bank of Blakely,jackhenry:fsbanks,"transactions,account_info,balances,payments,investments,customers"
First Bank & Trust- BANKeasy,jackhenry:bankeasy,"transactions,account_info,balances,payments,investments,customers"
CUSB Bank,jackhenry:cusb,"transactions,account_info,balances,payments,investments,customers"
Bank of Lexington,jackhenry:bankoflexington,"transactions,account_info,balances,payments,investments,customers"
Meadows Bank,jackhenry:meadowsbank,"transactions,account_info,balances,payments,investments,customers"
Citibank,citi,"investments,payments,statements,transactions,account_info,balances,customers"
Simmons,jackhenry:simmons,"transactions,account_info,balances,payments,investments,customers"
Eagle Bank,jackhenry:eaglebankmn,"transactions,account_info,balances,payments,investments,customers"
Freedom First Credit Union,jackhenry:freedomfirst,"transactions,account_info,balances,payments,investments,customers"
Fidelity Investments,fidelity,"account_info,balances,customers,investments,payments,statements,transactions"
Bank of Delmarva,jackhenry:bankofdelmarva,"transactions,account_info,balances,payments,investments,customers"
Bravera Bank,jackhenry:bravera,"transactions,account_info,balances,payments,investments,customers"
Bank of America,bankofamerica,"payments,transactions,statements,investments,account_info,balances,customers"
Extra Credit Union,jackhenry:extracreditunion,"transactions,account_info,balances,payments,investments,customers"
Local Bank,jackhenry:mylocal,"transactions,account_info,balances,payments,investments,customers"
FNB Coweta,jackhenry:fnbcoweta,"transactions,account_info,balances,payments,investments,customers"
Empower Retirement,empower,"account_info,balances,investments,transactions"
The Maries County Bank,jackhenry:mariescountybank,"transactions,account_info,balances,payments,investments,customers"
Hardin County Savings Bank,jackhenry:hardincsb,"transactions,account_info,balances,payments,investments,customers"
Heart of Louisiana,jackhenry:heartcu,"transactions,account_info,balances,payments,investments,customers"
Bank of Brookhaven,jackhenry:bankofbrookhaven,"transactions,account_info,balances,payments,investments,customers"
Grand Marais State Bank,jackhenry:grandmaraisstatebank,"transactions,account_info,balances,payments,investments,customers"
The Dart Bank,jackhenry:dart,"transactions,account_info,balances,payments,investments,customers"
HAB Bank,jackhenry:habbank,"transactions,account_info,balances,payments,investments,customers"
Burke & Herbert Bank,jackhenry:burkeandherbertbank,"transactions,account_info,balances,payments,investments,customers"
American National Bank,jackhenry:american,"transactions,account_info,balances,payments,investments,customers"
Cleveland State Bank,jackhenry:clevelandstate,"transactions,account_info,balances,payments,investments,customers"
Family Savings Credit Union,jackhenry:familysavingscu,"transactions,account_info,balances,payments,investments,customers"
Security Financial Bank,jackhenry:sfbank,"transactions,account_info,balances,payments,investments,customers"
Commercial Bank TN,jackhenry:cbtn,"transactions,account_info,balances,payments,investments,customers"
ChoiceOne,jackhenry:choiceone,"transactions,account_info,balances,payments,investments,customers"
First Bank Elk River,jackhenry:elkriver,"investments,payments,transactions,account_info,balances,customers"
Peapack-Gladstone Bank,jackhenry:pgbank,"transactions,account_info,balances,payments,investments,customers"
Sugar River Bank,jackhenry:sugarriverbank,"transactions,account_info,balances,payments,investments,customers"
Bank of Cleveland,jackhenry:bankofcleveland,"transactions,account_info,balances,payments,investments,customers"
America's Credit Union,jackhenry:americascu,"transactions,account_info,balances,payments,investments,customers"
Arthur State Bank,jackhenry:arthurstatebank,"transactions,account_info,balances,payments,investments,customers"
Bread Savings,jackhenry:breadfinancial,"transactions,account_info,balances,payments,investments,customers"
Signet FCU,jackhenry:signetfcu,"transactions,account_info,balances,payments,investments,customers"
Citizens-Farmers Bank,jackhenry:citizensfarmersbank,"transactions,account_info,balances,payments,investments,customers"
Rising Bank,jackhenry:risingbank,"transactions,account_info,balances,payments,investments,customers"
U.S. Bank,usbank,"statements,account_info,balances,customers,investments,payments,transactions"
River Region Credit Union,jackhenry:rrcu,"transactions,account_info,balances,payments,investments,customers"
Central Bank,jackhenry:centralbankfl,"transactions,account_info,balances,payments,investments,customers"
Commercial Bank of Ozark,jackhenry:cbozark,"transactions,account_info,balances,payments,investments,customers"
Alternatives Federal Credit Union,jackhenry:alternatives,"transactions,account_info,balances,payments,investments,customers"
Bank of Southside Virginia,jackhenry:bsvnet,"transactions,account_info,balances,payments,investments,customers"
Collegiate Peaks Bank,jackhenry:collegiatepeaksbank,"account_info,balances,customers,investments,payments,transactions"
Bank of Buffalo,jackhenry:thebankofbuffalo,"transactions,account_info,balances,payments,investments,customers"
Brooklyn Coop FCU,jackhenry:brooklyn,"transactions,account_info,balances,payments,investments,customers"
Bank of Newington,jackhenry:bankofnewington,"transactions,account_info,balances,payments,investments,customers"
CBI Family of Banks,jackhenry:cbibt,"transactions,account_info,balances,payments,investments,customers"
TLC Community CU,jackhenry:tlccu,"transactions,account_info,balances,payments,investments,customers"
MCT Credit Union,jackhenry:mctcu,"transactions,account_info,balances,payments,investments,customers"
First Secure Community Bank,jackhenry:1stsecurebank,"transactions,account_info,balances,payments,investments,customers"
CIBM Bank,jackhenry:cibmbank,"transactions,account_info,balances,payments,investments,customers"
First State Bank - Middlebury,jackhenry:bfirst,"transactions,account_info,balances,payments,investments,customers"
Putnam County State Bank,jackhenry:putnamcountystatebank,"balances,customers,investments,payments,transactions,account_info"
CommerceOne Bank,jackhenry:commerceonebank,"transactions,account_info,balances,payments,investments,customers"
Cumberland Valley National Bank,jackhenry:cvnb,"transactions,account_info,balances,payments,investments,customers"
Peoples Bank,jackhenry:peoplesbk,"customers,investments,payments,transactions,account_info,balances"
Central Bank & Trust,jackhenry:centralbanktrust,"transactions,account_info,balances,payments,investments,customers"
The Bank of Baker,jackhenry:bankofbaker,"transactions,account_info,balances,payments,investments,customers"
Empeople Credit Union,jackhenry:deereemployeescu,"transactions,account_info,balances,payments,investments,customers"
Tallahassee National Bank,jackhenry:tallahasseenationalbank,"transactions,account_info,balances,payments,investments,customers"
MembersAlliance Credit Union,jackhenry:membersalliance,"balances,customers,investments,payments,transactions,account_info"
Citizens National Bank,jackhenry:cnbbank,"transactions,account_info,balances,payments,investments,customers"
American National Bank & Trust Company,jackhenry:amnb,"transactions,account_info,balances,payments,investments,customers"
Grant County State Bank,jackhenry:grantcostatebank,"transactions,account_info,balances,payments,investments,customers"
First Federal Bank,jackhenry:1stfed,"transactions,account_info,balances,payments,investments,customers"
Profinium Inc,jackhenry:profinium,"transactions,account_info,balances,payments,investments,customers"
FNBCC,jackhenry:fnbcc,"transactions,account_info,balances,payments,investments,customers"
Merrick Bank,jackhenry:merrickbank,"transactions,account_info,balances,payments,investments,customers"
Lyndon State Bank,jackhenry:lyndonstatebank,"transactions,account_info,balances,payments,investments,customers"
Bank of Commerce (Rawlins),jackhenry:bocrawlins,"transactions,account_info,balances,payments,investments,customers"
21st Century Bank,jackhenry:21stcb,"transactions,account_info,balances,payments,investments,customers"
Focus FCU,jackhenry:focusok,"transactions,account_info,balances,payments,investments,customers"
Citizens Bank of Swainsboro,jackhenry:cbs-lc,"transactions,account_info,balances,payments,investments,customers"
Capitol National Bank,jackhenry:capitolnational,"transactions,account_info,balances,payments,investments,customers"
First State Bank of Rosemount,jackhenry:fsbrosemount,"transactions,account_info,balances,payments,investments,customers"
MyPoint Credit Union,jackhenry:mypointcu,"transactions,account_info,balances,payments,investments,customers"
American Bank,jackhenry:abc-nc,"transactions,account_info,balances,payments,investments,customers"
Citizens Independent Bank,jackhenry:bankcib,"transactions,account_info,balances,payments,investments,customers"
First & Peoples Bank and Trust,jackhenry:firstandpeoplesbank,"transactions,account_info,balances,payments,investments,customers"
O'Bannon Banking Company,jackhenry:obannonbank,"transactions,account_info,balances,payments,investments,customers"
Planters & Citizens Bank,jackhenry:pcbank,"transactions,account_info,balances,payments,investments,customers"
Five Star CU,jackhenry:fivestarcu,"transactions,account_info,balances,payments,investments,customers"
California Bear Credit Union,jackhenry:calbearcu,"transactions,account_info,balances,payments,investments,customers"
Cedar Falls Community CU,jackhenry:cfccu,"transactions,account_info,balances,payments,investments,customers"
F&M Bank,jackhenry:fmbnc,"transactions,account_info,balances,payments,investments,customers"
American Heritage Bank,jackhenry:ahb,"transactions,account_info,balances,payments,investments,customers"
Government Employees FCU,jackhenry:gefcu,"transactions,account_info,balances,payments,investments,customers"
Citizens Bank & Trust (MO),jackhenry:cbtmo,"transactions,account_info,balances,payments,investments,customers"
New Frontier Bank,jackhenry:newfb,"transactions,account_info,balances,payments,investments,customers"
High Plains Bank,jackhenry:hpbgo,"transactions,account_info,balances,payments,investments,customers"
Bank of San Francisco,jackhenry:bankofsf,"transactions,account_info,balances,payments,investments,customers"
1st State Bank of Purdy,jackhenry:fsb-purdy,"transactions,account_info,balances,payments,investments,customers"
Auburn University Credit Union,jackhenry:myaucu,"transactions,account_info,balances,payments,investments,customers"
SecFed Bank,jackhenry:secfedbank,"transactions,account_info,balances,payments,investments,customers"
Blackhawk Bank,jackhenry:blackhawkbank,"transactions,account_info,balances,payments,investments,customers"
Alden State Bank,jackhenry:alden,"transactions,account_info,balances,payments,investments,customers"
Blissfield State Bank,jackhenry:blissfieldstate,"transactions,account_info,balances,payments,investments,customers"
American State Bank & Trust,jackhenry:asbt,"transactions,account_info,balances,payments,investments,customers"
AOD FCU,jackhenry:aodfcu,"transactions,account_info,balances,payments,investments,customers"
Alliance Community Bank,jackhenry:bankacb,"transactions,account_info,balances,payments,investments,customers"
Bank of Denver,jackhenry:thebankofdenver,"transactions,account_info,balances,payments,investments,customers"
UBank,jackhenry:ubank,"transactions,account_info,balances,payments,investments,customers"
First Financial Bank,jackhenry:bankatfirst,"transactions,account_info,balances,payments,investments,customers"
Citizens Bank & Trust - AR,jackhenry:cbankandtrust,"transactions,account_info,balances,payments,investments,customers"
Community Bank,jackhenry:cbbristow,"transactions,account_info,balances,payments,investments,customers"
Citizens Bank of Americus,jackhenry:cbkamericus,"transactions,account_info,balances,payments,investments,customers"
CHROME FCU,jackhenry:chromefcu,"transactions,account_info,balances,payments,investments,customers"
Commercial Bank,jackhenry:commercialbank,"transactions,account_info,balances,payments,investments,customers"
Community Bank,jackhenry:communitybanknet,"transactions,account_info,balances,payments,investments,customers"
OneSouth Bank,jackhenry:onesouthbank,"transactions,account_info,balances,payments,investments,customers"
Bank of Lake Mills,jackhenry:bankoflakemills,"transactions,account_info,balances,payments,investments,customers"
Bourns Employees FCU,jackhenry:bournsfcu,"transactions,account_info,balances,payments,investments,customers"
Security First National Bank,jackhenry:sfnb,"transactions,account_info,balances,payments,investments,customers"
American Pride Bank,jackhenry:americanpridebank,"transactions,account_info,balances,payments,investments,customers"
BankChampaign,jackhenry:bankchampaign,"transactions,account_info,balances,payments,investments,customers"
Baybank,jackhenry:baybank,"transactions,account_info,balances,payments,investments,customers"
Community Bank of Parkersburg,jackhenry:communitybankpkbg,"transactions,account_info,balances,payments,investments,customers"
American Exchange Bank,jackhenry:americanexchange,"transactions,account_info,balances,payments,investments,customers"
Vermillion State Bank,jackhenry:vermillionbank,"transactions,account_info,balances,payments,investments,customers"
Altana FCU,jackhenry:altanafcu,"transactions,account_info,balances,payments,investments,customers"
First Fidelity Bank,jackhenry:ffb,"transactions,account_info,balances,payments,investments,customers"
Connected Credit Union,jackhenry:connectedcreditunion,"transactions,account_info,balances,payments,investments,customers"
FirstBank,jackhenry:firstbank,"transactions,account_info,balances,payments,investments,customers"
Mainstreet Community Bank,jackhenry:bankonmainstreet,"transactions,account_info,balances,payments,investments,customers"
Fifth District Savings Bank,jackhenry:fifthdistrict,"transactions,account_info,balances,payments,investments,customers"
The Citizens State Bank,jackhenry:bankcsb,"transactions,account_info,balances,payments,investments,customers"
Northern State Bank,jackhenry:nsbashland,"transactions,account_info,balances,payments,investments,customers"
Monticello Banking Company,jackhenry:mbcbank,"transactions,account_info,balances,payments,investments,customers"
Greenville National Bank,jackhenry:bankgnb,"transactions,account_info,balances,payments,investments,customers"
Eagle Louisiana FCU,jackhenry:eaglefederal,"transactions,account_info,balances,payments,investments,customers"
Citizens Bank and Trust,jackhenry:citizens-bank,"transactions,account_info,balances,payments,investments,customers"
Citizens Bank,jackhenry:citizensebank,"transactions,account_info,balances,payments,investments,customers"
Pendleton Community Bank,jackhenry:yourbank,"customers,investments,payments,transactions,account_info,balances"
Finex Credit Union,jackhenry:finexcu,"transactions,account_info,balances,payments,investments,customers"
First Resource Bank,jackhenry:firstresourcebank,"transactions,account_info,balances,payments,investments,customers"
Endeavor Bank,jackhenry:bankendeavor,"transactions,account_info,balances,payments,investments,customers"
Fidelity Bank and Trust,jackhenry:bankfidelity,"transactions,account_info,balances,payments,investments,customers"
Huron Community Bank,jackhenry:bankhcb,"transactions,account_info,balances,payments,investments,customers"
Citizens Bank of the Midwest,jackhenry:cbmw,"transactions,account_info,balances,payments,investments,customers"
Community Bank Owatonna,jackhenry:cbowatonna,"transactions,account_info,balances,payments,investments,customers"
Commercial Bank & Trust Co,jackhenry:cbtcnet,"transactions,account_info,balances,payments,investments,customers"
Citizens Bank,jackhenry:citizenbank,"transactions,account_info,balances,payments,investments,customers"
Citizens Community Bank,jackhenry:citizenscommunitybank,"transactions,account_info,balances,payments,investments,customers"
Coulee Bank,jackhenry:couleebank,"transactions,account_info,balances,payments,investments,customers"
Craft Bank,jackhenry:craft,"transactions,account_info,balances,payments,investments,customers"
Dogwood State Bank,jackhenry:dsbnc,"transactions,account_info,balances,payments,investments,customers"
Duke University FCU,jackhenry:dukefcu,"transactions,account_info,balances,payments,investments,customers"
Lakeside Bank,jackhenry:lbtexas,"transactions,account_info,balances,payments,investments,customers"
Lindell Bank,jackhenry:lindellbank,"transactions,account_info,balances,customers,investments,payments"
The Bank of Clovis,jackhenry:bankofclovis,"transactions,account_info,balances,payments,investments,customers"
The Bank of Grain Valley,jackhenry:bankofgrainvalley,"transactions,account_info,balances,payments,investments,customers"
Citizens Community Bank,jackhenry:ccbga,"transactions,account_info,balances,payments,investments,customers"
Chaffey Federal Credit Union,jackhenry:chaffey,"transactions,account_info,balances,payments,investments,customers"
Changing Seasons Federal Credit Union,jackhenry:changingseasonsfcu,"transactions,account_info,balances,payments,investments,customers"
Citizens Bank Minnesota,jackhenry:citizensmn,"transactions,account_info,balances,payments,investments,customers"
Citizens National Bank of Somerset,jackhenry:cnbsomerset,"transactions,account_info,balances,payments,investments,customers"
CS Bank,jackhenry:cs,"transactions,account_info,balances,payments,investments,customers"
Community Savings Bank,jackhenry:csbiowa,"transactions,account_info,balances,payments,investments,customers"
Credit Union of Georgia,jackhenry:cuofga,"transactions,account_info,balances,payments,investments,customers"
Endurance FCU,jackhenry:endurancefcu,"transactions,account_info,balances,payments,investments,customers"
ableBanking,jackhenry:ablebanking,"transactions,account_info,balances,payments,investments,customers"
Web5,jackhenry:web5,"account_info,balances,customers,investments,payments,transactions"
Bank of Greeleyville,jackhenry:bog1,"transactions,account_info,balances,payments,investments,customers"
National Bank of Sallisaw,jackhenry:banknbs,"transactions,account_info,balances,payments,investments,customers"
Community Bank of Oelwein,jackhenry:bankoelwein,"transactions,account_info,balances,payments,investments,customers"
Cornerstone Community FCU,jackhenry:ccfinancial,"transactions,account_info,balances,payments,investments,customers"
Colorado Credit Union,jackhenry:ccu,"transactions,account_info,balances,payments,investments,customers"
Cloverbelt Credit Union,jackhenry:ccuwausau,"transactions,account_info,balances,payments,investments,customers"
Clay County Bank,jackhenry:claycounty,"transactions,account_info,balances,payments,investments,customers"
Clear Lake Bank and Trust,jackhenry:clearlakebank,"transactions,account_info,balances,payments,investments,customers"
Citizens State Bank of Lankin,jackhenry:csb100,"transactions,account_info,balances,payments,investments,customers"
Citizens State Bank,jackhenry:csbnet,"transactions,account_info,balances,payments,investments,customers"
Exchange Bank Of Missouri,jackhenry:ebmo,"transactions,account_info,balances,payments,investments,customers"
Exchange Bank & Trust,jackhenry:ebt,"transactions,account_info,balances,payments,investments,customers"
Education First FCU,jackhenry:educationfirstfcu,"transactions,account_info,balances,payments,investments,customers"
1st Community Credit Union,jackhenry:1stccu,"transactions,account_info,balances,payments,investments,customers"
The Bank of Clarendon,jackhenry:bankofclarendon,"transactions,account_info,balances,payments,investments,customers"
Community First Bank,jackhenry:cfbwi,"transactions,account_info,balances,payments,investments,customers"
CloudBank24|7,jackhenry:cloudbank247,"transactions,account_info,balances,payments,investments,customers"
Commercial National Bank,jackhenry:cnbbrady,"transactions,account_info,balances,payments,investments,customers"
The Citizens National Bank of Lebanon,jackhenry:cnboflebanon,"transactions,account_info,balances,payments,investments,customers"
Citizens State Bank,jackhenry:csbnow,"transactions,account_info,balances,payments,investments,customers"
Elk State Bank,jackhenry:elkstatebank,"transactions,account_info,balances,payments,investments,customers"
Eastern Michigan Bank,jackhenry:emb,"transactions,account_info,balances,payments,investments,customers"
NewBank,jackhenry:newbankusa,"transactions,account_info,balances,payments,investments,customers"
Lea County State Bank,jackhenry:onlinelcsb,"transactions,account_info,balances,payments,investments,customers"
Orrstown Bank,jackhenry:orrstown,"transactions,account_info,balances,payments,investments,customers"
Peoples Bank of Greensboro,jackhenry:peoplesbankofgreensboro,"transactions,account_info,balances,payments,investments,customers"
Range Bank,jackhenry:rangebank,"transactions,account_info,balances,payments,investments,customers"
BTC Bank,jackhenry:btcbank,"transactions,account_info,balances,payments,investments,customers"
The Bank of LaFayette,jackhenry:bankoflafayette,"transactions,account_info,balances,payments,investments,customers"
The Bank of Missouri,jackhenry:bankofmissouri,"transactions,account_info,balances,payments,investments,customers"
Planters First Bank,jackhenry:bankpfb,"transactions,account_info,balances,payments,investments,customers"
Peoples Bank & Trust Company,jackhenry:bankwithpeoples,"transactions,account_info,balances,payments,investments,customers"
Vista Bank��(Formerly Charis Family of Banks),jackhenry:charisbank,"transactions,account_info,balances,payments,investments,customers"
CO-OP CU of Montevideo,jackhenry:co-opcreditunion,"transactions,account_info,balances,payments,investments,customers"
CODE Credit Union,jackhenry:codecu,"transactions,account_info,balances,payments,investments,customers"
Credit Union One of Oklahoma,jackhenry:cuoneok,"transactions,account_info,balances,payments,investments,customers"
Credit Union of Texas,jackhenry:cutx,"transactions,account_info,balances,payments,investments,customers"
Equitable Bank,jackhenry:equitableonline,"transactions,account_info,balances,payments,investments,customers"
ESB Bank,jackhenry:esbbanking,"transactions,account_info,balances,payments,investments,customers"
EvaBank,jackhenry:evabank,"transactions,account_info,balances,payments,investments,customers"
Citizens National Bank,jackhenry:cnbtn,"transactions,account_info,balances,payments,investments,customers"
FedFinancial Federal Credit Union,jackhenry:fedfinancial,"transactions,account_info,balances,payments,investments,customers"
First Imperial Credit Union,jackhenry:ficu,"transactions,account_info,balances,payments,investments,customers"
First Neighborhood Bank,jackhenry:firstneighborhoodbank,"transactions,account_info,balances,payments,investments,customers"
Foundation Credit Union,jackhenry:foundationcreditunion,"transactions,account_info,balances,payments,investments,customers"
First National Bank of America,jackhenry:fnba,"transactions,account_info,balances,payments,investments,customers"
Founders Bank,jackhenry:foundersbank,"transactions,account_info,balances,payments,investments,customers"
The Friendship State Bank,jackhenry:friendshipstatebank,"transactions,account_info,balances,payments,investments,customers"
Genesis Bank,jackhenry:genesis,"transactions,account_info,balances,payments,investments,customers"
Northeast Bank,jackhenry:northeastbank,"transactions,account_info,balances,payments,investments,customers"
Oklahoma State Bank,jackhenry:osb,"transactions,account_info,balances,payments,investments,customers"
Peoples Bank of the South,jackhenry:peoplesbanksouth,"transactions,account_info,balances,payments,investments,customers"
City National Bank,jackhenry:bankatcity,"transactions,account_info,balances,payments,investments,customers"
City National Bank,jackhenry:bankatcnb,"transactions,account_info,balances,payments,investments,customers"
American State Bank,jackhenry:asbtx,"transactions,account_info,balances,payments,investments,customers"
First National Bank of Beardstown,jackhenry:bankingyoufirst,"transactions,account_info,balances,payments,investments,customers"
Mountain Valley Bank Walden,jackhenry:bankmvb,"transactions,account_info,balances,payments,investments,customers"
The Brady National Bank,jackhenry:bradynational,"transactions,account_info,balances,payments,investments,customers"
Community First Bank (KS),jackhenry:cfbkc,"transactions,account_info,balances,payments,investments,customers"
Citizens Bank of Las Cruces,jackhenry:citizenslc,"transactions,account_info,balances,payments,investments,customers"
Citizens State Bank & Trust,jackhenry:csbkansas,"transactions,account_info,balances,payments,investments,customers"
Citizens State Bank (IA),jackhenry:csbsheldon,"transactions,account_info,balances,payments,investments,customers"
TruStone Financial,jackhenry:trustonefinancial,"transactions,account_info,balances,payments,investments,customers"
Cutting Edge Credit Union,jackhenry:cuttingedgefcu,"transactions,account_info,balances,payments,investments,customers"
Danville State Savings Bank,jackhenry:danvillebank,"transactions,account_info,balances,payments,investments,customers"
Diamond Bank,jackhenry:diamond,"transactions,account_info,balances,payments,investments,customers"
First National Bank of Dryden,jackhenry:drydenbank,"transactions,account_info,balances,payments,investments,customers"
Delaware State Police Federal Credit Union,jackhenry:dspfcu,"transactions,account_info,balances,payments,investments,customers"
Exchange Bank of NEMO,jackhenry:ebnemo,"transactions,account_info,balances,payments,investments,customers"
Education First CU,jackhenry:educu,"transactions,account_info,balances,payments,investments,customers"
First Pioneer National Bank,jackhenry:fpnb,"transactions,account_info,balances,payments,investments,customers"
Gulf Coast Bank,jackhenry:gcbank,"transactions,account_info,balances,payments,investments,customers"
Northstar Bank,jackhenry:northstarathome,"transactions,account_info,balances,payments,investments,customers"
Peoples Bank of Altenburg,jackhenry:peoplesoa,"transactions,account_info,balances,payments,investments,customers"
Community Bank & Trust,jackhenry:redapplebank,"transactions,account_info,balances,payments,investments,customers"
Centinel Bank of Taos,jackhenry:centinelbank,"transactions,account_info,balances,payments,investments,customers"
BankFlorida,jackhenry:bankflorida,"transactions,account_info,balances,payments,investments,customers"
Huron Valley State Bank,jackhenry:hvsb,"transactions,account_info,balances,payments,investments,customers"
Guilford Savings Bank,jackhenry:mygsb,"transactions,account_info,balances,payments,investments,customers"
Bar Harbor Bank & Trust,jackhenry:barharbor,"transactions,account_info,balances,payments,investments,customers"
Farmers National Bank,jackhenry:farmersnationalbank,"transactions,account_info,balances,payments,investments,customers"
First Community Credit Union of Beloit,jackhenry:firstccu,"transactions,account_info,balances,payments,investments,customers"
First Sentinel Bank,jackhenry:firstsentinelbank,"transactions,account_info,balances,payments,investments,customers"
First State Bank,jackhenry:firststatebankky,"transactions,account_info,balances,payments,investments,customers"
First Robinson Savings,jackhenry:frsb,"transactions,account_info,balances,payments,investments,customers"
Community Bank N.A.,jackhenry:cbna,"transactions,account_info,balances,payments,investments,customers"
Nova Credit Union,jackhenry:novacu,"transactions,account_info,balances,payments,investments,customers"
North Valley Bank,jackhenry:nvbank,"transactions,account_info,balances,payments,investments,customers"
Community Bank of Marshall,jackhenry:ourcommunity,"transactions,account_info,balances,payments,investments,customers"
Farmers State Bank of LaGrange,jackhenry:farmersstatebank,"transactions,account_info,balances,payments,investments,customers"
First Century Bank,jackhenry:firstcenturybank,"transactions,account_info,balances,payments,investments,customers"
First Colorado National Bank,jackhenry:firstcoloradobank,"transactions,account_info,balances,payments,investments,customers"
First National Bank,jackhenry:fnbfs,"transactions,account_info,balances,payments,investments,customers"
First National Bank of Huntsville,jackhenry:fnbhuntsvilletx,"transactions,account_info,balances,payments,investments,customers"
Frontier Community Bank,jackhenry:frontiercommunitybank,"transactions,account_info,balances,payments,investments,customers"
The Farmers Savings Bank,jackhenry:fsb-spencer,"transactions,account_info,balances,payments,investments,customers"
Chain Bridge Bank N.A.,jackhenry:chainbridgebank,"transactions,account_info,balances,payments,investments,customers"
North Salem State Bank,jackhenry:nssb,"transactions,account_info,balances,payments,investments,customers"
Peoples Bank (GA),jackhenry:ourpeoplesbank,"transactions,account_info,balances,payments,investments,customers"
Pineland Bank,jackhenry:pineland,"transactions,account_info,balances,payments,investments,customers"
River City Bank,jackhenry:rivercitybankky,"transactions,account_info,balances,payments,investments,customers"
First Community Bank (Corpus Christi),jackhenry:fcbot,"transactions,account_info,balances,payments,investments,customers"
First Education FCU,jackhenry:firstedfcu,"transactions,account_info,balances,payments,investments,customers"
First State Bank Fountain,jackhenry:firststatebankoffountain,"transactions,account_info,balances,payments,investments,customers"
F&M Bank and Trust,jackhenry:fmbankandtrust,"transactions,account_info,balances,payments,investments,customers"
Farmers & Merchants Bank,jackhenry:fmbankva,"transactions,account_info,balances,payments,investments,customers"
First National Bank,jackhenry:fnbank,"transactions,account_info,balances,payments,investments,customers"
First National Bank of Waynesboro,jackhenry:fnbwaynesboro,"transactions,account_info,balances,payments,investments,customers"
The Farmers State Bank (Brush),jackhenry:fsbbrushakron,"transactions,account_info,balances,payments,investments,customers"
First Southern State Bank,jackhenry:fssbank,"transactions,account_info,balances,payments,investments,customers"
Hoosier Heartland State Bank,jackhenry:myhhsb,"transactions,account_info,balances,payments,investments,customers"
Honor Bank,jackhenry:myhonorbank,"transactions,account_info,balances,payments,investments,customers"
Oxford Bank,jackhenry:oxfordbank,"transactions,account_info,balances,payments,investments,customers"
Pioneer Bank & Trust,jackhenry:pioneerbankandtrust,"transactions,account_info,balances,payments,investments,customers"
Robertson Banking Company,jackhenry:robertsonbanking,"transactions,account_info,balances,payments,investments,customers"
First American State Bank,jackhenry:fasbank,"transactions,account_info,balances,payments,investments,customers"
First Commonwealth Bank,jackhenry:fcbanking,"transactions,account_info,balances,payments,investments,customers"
First Community Bank of East Tennessee,jackhenry:fcbanktn,"transactions,account_info,balances,payments,investments,customers"
First Community Bank,jackhenry:firstcommunitybank,"transactions,account_info,balances,payments,investments,customers"
First Service FCU,jackhenry:firstcu,"transactions,account_info,balances,payments,investments,customers"
First Dakota National Bank,jackhenry:firstdakota,"transactions,account_info,balances,payments,investments,customers"
First US Bank,jackhenry:firstusbank,"transactions,account_info,balances,payments,investments,customers"
Five County Credit Union,jackhenry:fivecounty,"transactions,account_info,balances,payments,investments,customers"
First Western Bank,jackhenry:firstwestern,"transactions,account_info,balances,payments,investments,customers"
First National Bank of Oneida,jackhenry:fnboneida,"transactions,account_info,balances,payments,investments,customers"
First National Bank of St Ignace,jackhenry:fnbsi,"transactions,account_info,balances,payments,investments,customers"
First National Bank of South Miami,jackhenry:fnbsm,"transactions,account_info,balances,payments,investments,customers"
First State Bank Livingston,jackhenry:fsblivingston,"transactions,account_info,balances,payments,investments,customers"
Farmers State Bank,jackhenry:fsbparkston,"transactions,account_info,balances,payments,investments,customers"
First Basin Credit Union,jackhenry:firstbasin,"transactions,account_info,balances,payments,investments,customers"
RockPointBank,jackhenry:rockpoint,"transactions,account_info,balances,payments,investments,customers"
Native American Bank,jackhenry:nativeamericanbank,"transactions,account_info,balances,payments,investments,customers"
First National Bank,jackhenry:thefirst,"transactions,account_info,balances,payments,investments,customers"
Union Bank of Mena,jackhenry:unionbankofmena,"transactions,account_info,balances,payments,investments,customers"
Edmonton State Bank,jackhenry:edmontonstatebank,"transactions,account_info,balances,payments,investments,customers"
Field & Main Bank,jackhenry:fieldandmain,"transactions,account_info,balances,payments,investments,customers"
First Jackson Bank,jackhenry:firstjacksonbank,"transactions,account_info,balances,payments,investments,customers"
First Kansas Bank,jackhenry:firstkansasbank,"transactions,account_info,balances,payments,investments,customers"
First Oklahoma Bank,jackhenry:firstoklahomabank,"transactions,account_info,balances,payments,investments,customers"
FNB Cloverdale,jackhenry:fnb-bank,"transactions,account_info,balances,payments,investments,customers"
First National Bank of Sparta,jackhenry:fnbsparta,"transactions,account_info,balances,payments,investments,customers"
Foresight Bank,jackhenry:foresight,"transactions,account_info,balances,payments,investments,customers"
Fortis Private Bank,jackhenry:fortispb,"transactions,account_info,balances,payments,investments,customers"
Gateway Bank,jackhenry:gateway,"transactions,account_info,balances,payments,investments,customers"
Blue Ridge Bank,jackhenry:mybrb,"transactions,account_info,balances,payments,investments,customers"
Cashmere Valley Bank,jackhenry:cashmerevalleybank,"transactions,account_info,balances,payments,investments,customers"
VA Desert Pacific FCU,jackhenry:vadpfcu,"transactions,account_info,balances,payments,investments,customers"
Mabrey Bank,jackhenry:mabreybank,"transactions,account_info,balances,payments,investments,customers"
Carver Federal Savings Bank,jackhenry:carverbank,"transactions,account_info,balances,payments,investments,customers"
BNC National Bank,jackhenry:bnc,"transactions,account_info,balances,payments,investments,customers"
Bank Independent,jackhenry:bibank,"transactions,account_info,balances,payments,investments,customers"
Embers Credit Union,jackhenry:embers,"transactions,account_info,balances,payments,investments,customers"
Libertyville Savings Bank,jackhenry:lsbia,"transactions,account_info,balances,payments,investments,customers"
Bank of the Plains,jackhenry:bankoftheplains,"transactions,account_info,balances,payments,investments,customers"
Bank of Charlotte County,jackhenry:bankofcharlotte,"transactions,account_info,balances,payments,investments,customers"
LAFCU,jackhenry:lafcu,"transactions,account_info,balances,payments,investments,customers"
SUMA Federal Credit Union,jackhenry:sumafcu,"transactions,account_info,balances,payments,investments,customers"
Central Bank of Kansas City,jackhenry:centralbankkc,"transactions,account_info,balances,payments,investments,customers"
MVB Bank,jackhenry:mvbnow,"transactions,account_info,balances,payments,investments,customers"
Security Bank Midwest,jackhenry:sbmidwest,"transactions,account_info,balances,payments,investments,customers"
SMW 104 Federal Credit Union,jackhenry:smw104fcu,"transactions,account_info,balances,payments,investments,customers"
Bank of the Valley,jackhenry:bankofthevalley,"transactions,account_info,balances,payments,investments,customers"
Center National Bank,jackhenry:centerbankmn,"transactions,account_info,balances,payments,investments,customers"
Bryant Bank,jackhenry:bryantbank,"transactions,account_info,balances,payments,investments,customers"
Brenham National Bank,jackhenry:bnbank,"transactions,account_info,balances,payments,investments,customers"
Builtwell Bank,jackhenry:builtwell,"transactions,account_info,balances,payments,investments,customers"
Gather FCU,jackhenry:gatherfcu,"transactions,account_info,balances,payments,investments,customers"
Compass Community Credit Union,jackhenry:compassccu,"transactions,account_info,balances,payments,investments,customers"
Stock Growers Bank,jackhenry:stockgrowers,"transactions,account_info,balances,payments,investments,customers"
Thomasville National Bank,jackhenry:tnbank,"transactions,account_info,balances,payments,investments,customers"
First National Bank of Izard County,jackhenry:fnbizardcounty,"transactions,account_info,balances,payments,investments,customers"
Today's Bank,jackhenry:todaysbank,"transactions,account_info,balances,payments,investments,customers"
Exchange Bank,jackhenry:exch,"transactions,account_info,balances,payments,investments,customers"
Leading Edge Credit Union,jackhenry:leadingedgecu,"transactions,account_info,balances,payments,investments,customers"
Bank of Bird in Hand,jackhenry:bihbank,"transactions,account_info,balances,payments,investments,customers"
Miners & Merchants Bank,jackhenry:minersandmerchantsbank,"transactions,account_info,balances,payments,investments,customers"
Think Bank,jackhenry:thinkbank,"transactions,account_info,balances,payments,investments,customers"
Capitol Credit Union,jackhenry:ccutx,"transactions,account_info,balances,payments,investments,customers"
Bank of York,jackhenry:bankofyork,"transactions,account_info,balances,payments,investments,customers"
1st United CU,jackhenry:1stunitedcu,"transactions,account_info,balances,payments,investments,customers"
Bank of Weston,jackhenry:bankofweston,"transactions,account_info,balances,payments,investments,customers"
AB&T,jackhenry:abtgold,"transactions,account_info,balances,payments,investments,customers"
Merced School Employees Federal Credit Union,jackhenry:mercedschoolcu,"transactions,account_info,balances,payments,investments,customers"
Sea Air FCU,jackhenry:seaairfcu,"transactions,account_info,balances,payments,investments,customers"
Bank of Cave City,jackhenry:bankofcavecity,"transactions,account_info,balances,payments,investments,customers"
Bangor Federal Credit Union,jackhenry:bangorfederal,"transactions,account_info,balances,payments,investments,customers"
Catskill Hudson Bank,jackhenry:chbny,"transactions,account_info,balances,payments,investments,customers"
First National Bank and Trust of Bottineau,jackhenry:firstbottineau,"transactions,account_info,balances,payments,investments,customers"
Bank Rhode Island,jackhenry:bankri,"transactions,account_info,balances,payments,investments,customers"
Commercial Trust Company,jackhenry:commercialtrust,"transactions,account_info,balances,payments,investments,customers"
Armstrong Bank,jackhenry:armstrong,"transactions,account_info,balances,payments,investments,customers"
Moody National Bank,jackhenry:moodybank,"transactions,account_info,balances,payments,investments,customers"
The Citizens Bank Arkansas,jackhenry:thecitizensbank,"transactions,account_info,balances,payments,investments,customers"
Bippus State Bank,jackhenry:bippusbank,"transactions,account_info,balances,payments,investments,customers"
Brookline Bank,jackhenry:brooklinebank,"transactions,account_info,balances,payments,investments,customers"
Triad Business Bank,jackhenry:triadbusinessbank,"transactions,account_info,balances,payments,investments,customers"
Flint Community Bank,jackhenry:flint,"transactions,account_info,balances,payments,investments,customers"
State Bank Spencer,jackhenry:statebankspencer,"transactions,account_info,balances,payments,investments,customers"
Centre Bank,jackhenry:centrebank,"transactions,account_info,balances,payments,investments,customers"
Lyon County State Bank,jackhenry:mylcsb,"transactions,account_info,balances,payments,investments,customers"
North Carolina Community FCU,jackhenry:nccfcu,"transactions,account_info,balances,payments,investments,customers"
Cape Cod 5,jackhenry:capecodfive,"transactions,account_info,balances,payments,investments,customers"
Bath State Bank,jackhenry:bathstatebank,"transactions,account_info,balances,payments,investments,customers"
State Street Bank,jackhenry:statestreetbank,"transactions,account_info,balances,payments,investments,customers"
Old Missouri Bank,jackhenry:oldmissouribank,"transactions,account_info,balances,payments,investments,customers"
Cascade Federal Credit Union,jackhenry:cascadefcu,"transactions,account_info,balances,payments,investments,customers"
MC Federal Credit Union,jackhenry:mcfcu,"transactions,account_info,balances,payments,investments,customers"
California International Bank,jackhenry:calibankna,"transactions,account_info,balances,payments,investments,customers"
The First National Bank of Peterstown,jackhenry:fnbpeterstown,"transactions,account_info,balances,payments,investments,customers"
Farmers and Merchants Bank,jackhenry:fmfbank,"transactions,account_info,balances,payments,investments,customers"
CornerStone State Bank,jackhenry:cornerstonestatebank,"transactions,account_info,balances,payments,investments,customers"
Central National Bank of Poteau,jackhenry:cnbpoteau,"transactions,account_info,balances,payments,investments,customers"
Utah First,jackhenry:utahfirst,"transactions,account_info,balances,payments,investments,customers"
American Commerce Bank,jackhenry:americancommercebank,"transactions,account_info,balances,payments,investments,customers"
Dow Credit Union,jackhenry:dcecu,"transactions,account_info,balances,payments,investments,customers"
Bank of the Flint Hills,jackhenry:bankflinthills,"transactions,account_info,balances,payments,investments,customers"
Peoples State Bank (WI),jackhenry:bankpeoples,"transactions,account_info,balances,payments,investments,customers"
1st National Bank Henning,jackhenry:fnbhenning,"transactions,account_info,balances,payments,investments,customers"
Baraboo State Bank,jackhenry:baraboobank,"transactions,account_info,balances,payments,investments,customers"
First American Bank,jackhenry:firstambank,"transactions,account_info,balances,payments,investments,customers"
Better Banks,jackhenry:betterbanks,"transactions,account_info,balances,payments,investments,customers"
Harrison Building & Loan Association,jackhenry:bankhbl,"transactions,account_info,balances,payments,investments,customers"
Genesee Regional Bank,jackhenry:grbbank,"transactions,account_info,balances,payments,investments,customers"
Blackhawk Community Credit Union,jackhenry:bhccu,"transactions,account_info,balances,payments,investments,customers"
Grand Savings Bank,jackhenry:grandsavingsbank,"transactions,account_info,balances,payments,investments,customers"
Bank of Alapaha,jackhenry:bankofalapaha,"transactions,account_info,balances,payments,investments,customers"
Jefferson Security Bank,jackhenry:jsb,"transactions,account_info,balances,payments,investments,customers"
Busey Bank,jackhenry:busey,"transactions,account_info,balances,payments,investments,customers"
First National Bank of Middle Tennessee,jackhenry:fnbmt,"transactions,account_info,balances,payments,investments,customers"
American Bank & Trust Company,jackhenry:ambanking,"transactions,account_info,balances,payments,investments,customers"
Baker Boyer,jackhenry:bakerboyer,"transactions,account_info,balances,payments,investments,customers"
BayFirst National Bank,jackhenry:bayfirstfinancial,"transactions,account_info,balances,payments,investments,customers"
Financial Plus Credit Union (IA),jackhenry:financialpluscu,"transactions,account_info,balances,payments,investments,customers"
Beacon Community Bank,jackhenry:beacon,"transactions,account_info,balances,payments,investments,customers"
Richland County Bank,jackhenry:richlandcountybank,"transactions,account_info,balances,payments,investments,customers"
BANKWEST,jackhenry:bankwestmn,"transactions,account_info,balances,payments,investments,customers"
Central National Bank,jackhenry:centralnational,"transactions,account_info,balances,payments,investments,customers"
First National Bank of Aspermont,jackhenry:fnbaspermont,"transactions,account_info,balances,payments,investments,customers"
Gulf Coast Business Bank,jackhenry:gcbbswfl,"transactions,account_info,balances,payments,investments,customers"
Pioneer Appalachia Federal Credit Union,jackhenry:pioneerafcu,"transactions,account_info,balances,payments,investments,customers"
Root River State Bank,jackhenry:rootriverstatebank,"transactions,account_info,balances,payments,investments,customers"
First American Bank & Trust,jackhenry:fabt,"transactions,account_info,balances,payments,investments,customers"
Farmers State Bank,jackhenry:farmersstbank,"transactions,account_info,balances,payments,investments,customers"
Farmers Trust & Savings Bank,jackhenry:farmerstrust,"transactions,account_info,balances,payments,investments,customers"
First Citizens Bank,jackhenry:fcbl,"transactions,account_info,balances,payments,investments,customers"
FCN Bank,jackhenry:fcnbank,"transactions,account_info,balances,payments,investments,customers"
FedEx Employees Credit Association,jackhenry:fecca,"transactions,account_info,balances,payments,investments,customers"
Fieldpoint Private,jackhenry:fieldpointprivate,"transactions,account_info,balances,payments,investments,customers"
First Bank,jackhenry:firstbankms,"transactions,account_info,balances,payments,investments,customers"
First Community Bank of Tennessee,jackhenry:firstcommunitybanker,"transactions,account_info,balances,payments,investments,customers"
First Eagle Federal Credit Union,jackhenry:firsteaglefcu,"transactions,account_info,balances,payments,investments,customers"
First National Bank of Dennison,jackhenry:fnbdennison,"transactions,account_info,balances,payments,investments,customers"
Frontier State Bank,jackhenry:frontier-ok,"transactions,account_info,balances,payments,investments,customers"
First National Bank of Lawrence County,jackhenry:firstnb,"transactions,account_info,balances,payments,investments,customers"
First Northern Bank of Wyoming,jackhenry:firstnorthern,"transactions,account_info,balances,payments,investments,customers"
First National Bank at Paris,jackhenry:firstparis,"transactions,account_info,balances,payments,investments,customers"
First Peoples Bank of Tennessee,jackhenry:firstpeoplesbank,"transactions,account_info,balances,payments,investments,customers"
First Secure Bank & Trust,jackhenry:firstsecurebank,"transactions,account_info,balances,payments,investments,customers"
First State Bank Southwest,jackhenry:firststatebanksw,"transactions,account_info,balances,payments,investments,customers"
Kansas State Bank,jackhenry:mykansasstatebank,"transactions,account_info,balances,payments,investments,customers"
Old Second National Bank,jackhenry:oldsecond,"transactions,account_info,balances,payments,investments,customers"
Ozark Bank,jackhenry:ozarkbank,"transactions,account_info,balances,payments,investments,customers"
Park State Bank,jackhenry:parkstatebank,"transactions,account_info,balances,payments,investments,customers"
Royal Bank,jackhenry:royalbank-usa,"transactions,account_info,balances,payments,investments,customers"
Scottsdale Community Bank,jackhenry:scbaz,"transactions,account_info,balances,payments,investments,customers"
Security Federal Savings Bank,jackhenry:secfed,"transactions,account_info,balances,payments,investments,customers"
F&M Bank of Central California,jackhenry:fmbonline,"transactions,account_info,balances,payments,investments,customers"
First National Bank of Eastern Arkansas,jackhenry:fnbea,"transactions,account_info,balances,payments,investments,customers"
Great American Bank,jackhenry:greatambank,"transactions,account_info,balances,payments,investments,customers"
Greater Community Bank,jackhenry:greatercb,"transactions,account_info,balances,payments,investments,customers"
The First National Bank & Trust,jackhenry:fnbimk,"transactions,account_info,balances,payments,investments,customers"
First National Bank and Trust Company of McAlester,jackhenry:fnbmcalester,"transactions,account_info,balances,payments,investments,customers"
The First National Bank of Winnsboro,jackhenry:fnbwinnsboro,"transactions,account_info,balances,payments,investments,customers"
Freedom Federal Credit Union,jackhenry:freedomfcu,"transactions,account_info,balances,payments,investments,customers"
Pioneer Bank,jackhenry:pioneerbks,"transactions,account_info,balances,payments,investments,customers"
First State Bank (Winchester),jackhenry:fsb4me,"transactions,account_info,balances,payments,investments,customers"
First State Bank - Belmond,jackhenry:fsbbelmond,"transactions,account_info,balances,payments,investments,customers"
First State Bank & Trust Co,jackhenry:fsbtrust,"transactions,account_info,balances,payments,investments,customers"
Luminate Bank,jackhenry:luminate,"transactions,account_info,balances,payments,investments,customers"
Fort Worth City Credit Union,jackhenry:fwccu,"transactions,account_info,balances,payments,investments,customers"
Gateway Bank,jackhenry:gatewaybank,"transactions,account_info,balances,payments,investments,customers"
Genesee Valley Federal Credit Union,jackhenry:geneseevalleyfcu,"transactions,account_info,balances,payments,investments,customers"
Evolve Bank & Trust,jackhenry:getevolved,"transactions,account_info,balances,payments,investments,customers"
Merchants Mortgage & Trust Company,jackhenry:merchantsmtg,"account_info,balances,customers,investments,payments,transactions"
Leighton State Bank,jackhenry:leightonbank,"transactions,account_info,balances,payments,investments,customers"
Mass Bay CU,jackhenry:massbaycu,"transactions,account_info,balances,payments,investments,customers"
Georgia United Credit Union,jackhenry:gucu,"transactions,account_info,balances,payments,investments,customers"
GOLD Credit Union,jackhenry:goldcu,"transactions,account_info,balances,payments,investments,customers"
Highpoint Community Bank,jackhenry:hcbonlinebanking,"transactions,account_info,balances,payments,investments,customers"
Highmark FCU,jackhenry:highmarkfcu,"transactions,account_info,balances,payments,investments,customers"
Infinity Credit Union,jackhenry:infinitycu,"transactions,account_info,balances,payments,investments,customers"
Isabella Bank,jackhenry:isabellabank,"transactions,account_info,balances,payments,investments,customers"
Jonestown Bank & Trust Co,jackhenry:jbt,"transactions,account_info,balances,payments,investments,customers"
FDNB - Loft Advisors,jackhenry:loftadvisors,"transactions,account_info,balances,payments,investments,customers"
Mascoma Bank,jackhenry:mascomabank,"transactions,account_info,balances,payments,investments,customers"
Farmers Bank,jackhenry:gofarmersbank,"transactions,account_info,balances,payments,investments,customers"
Henrico FCU,jackhenry:henricofcu,"transactions,account_info,balances,payments,investments,customers"
LimeBank,jackhenry:lime,"transactions,account_info,balances,payments,investments,customers"
Mayville State Bank,jackhenry:mayvillestatebank,"transactions,account_info,balances,payments,investments,customers"
Tennessee Members 1st FCU,jackhenry:mymembersfirst,"transactions,account_info,balances,payments,investments,customers"
Phelps County Bank,jackhenry:mypcb,"transactions,account_info,balances,payments,investments,customers"
Scenic Community Credit Union,jackhenry:mysccu,"transactions,account_info,balances,payments,investments,customers"
Nassau Financial Federal Credit Union,jackhenry:nassaufinancial,"transactions,account_info,balances,payments,investments,customers"
National Bank of Commerce,jackhenry:nbcbanking,"transactions,account_info,balances,payments,investments,customers"
The National Bank of Indianapolis,jackhenry:nbofi,"transactions,account_info,balances,payments,investments,customers"
First National Bank (Heavener),jackhenry:okfnb,"transactions,account_info,balances,payments,investments,customers"
PARDA FCU,jackhenry:parda,"transactions,account_info,balances,payments,investments,customers"
Platinum Bank,jackhenry:platinumbankmn,"transactions,account_info,balances,payments,investments,customers"
Santa Barbara Teachers FCU,jackhenry:sbtfcu,"transactions,account_info,balances,payments,investments,customers"
Texas Gulf Bank,jackhenry:texasgulfbank,"balances,customers,investments,payments,transactions,account_info"
MBT Bank,jackhenry:mbtbank,"transactions,account_info,balances,payments,investments,customers"
Moultrie Bank & Trust,jackhenry:mbtga,"transactions,account_info,balances,payments,investments,customers"
McClain Bank,jackhenry:mcclainbank,"transactions,account_info,balances,payments,investments,customers"
Meade County Bank,jackhenry:meadecountybank,"transactions,account_info,balances,payments,investments,customers"
Crews Bank & Trust,jackhenry:wauchulastatebank,"transactions,account_info,balances,payments,investments,customers"
Grandview Bank,jackhenry:grandviewbank,"transactions,account_info,balances,payments,investments,customers"
Timberland Bank,jackhenry:tbonlinebanking,"transactions,account_info,balances,payments,investments,customers"
Heritage South Community Credit Union,jackhenry:heritagesouth,"transactions,account_info,balances,payments,investments,customers"
Heritage Valley FCU,jackhenry:heritagevalleyfcu,"transactions,account_info,balances,payments,investments,customers"
Hibernia Bank,jackhenry:hibernia,"transactions,account_info,balances,payments,investments,customers"
Highland Bank,jackhenry:highland,"transactions,account_info,balances,payments,investments,customers"
Jonesburg State Bank,jackhenry:jonesburgstatebank,"transactions,account_info,balances,payments,investments,customers"
Jefferson Parish Employees FCU,jackhenry:jpefcu,"transactions,account_info,balances,payments,investments,customers"
Jersey Shore State Bank,jackhenry:jssb,"transactions,account_info,balances,payments,investments,customers"
Lowry State Bank,jackhenry:lowrystate,"transactions,account_info,balances,payments,investments,customers"
Lone Star Bank,jackhenry:lsbtexas,"transactions,account_info,balances,payments,investments,customers"
MECE CU,jackhenry:mececu,"transactions,account_info,balances,payments,investments,customers"
Meridian Bank,jackhenry:meridianbanker,"transactions,account_info,balances,payments,investments,customers"
Midwest BankCentre,jackhenry:midwestbankcentre,"transactions,account_info,balances,payments,investments,customers"
Mission Bank,jackhenry:missionbank,"transactions,account_info,balances,payments,investments,customers"
HomeTown Federal Credit Union,jackhenry:hometowncu,"transactions,account_info,balances,payments,investments,customers"
Gulf Atlantic Bank,jackhenry:gulfatlanticbank,"transactions,account_info,balances,payments,investments,customers"
Homefield Credit Union,jackhenry:homefieldcu,"transactions,account_info,balances,payments,investments,customers"
Horatio State Bank,jackhenry:horatiostatebank,"transactions,account_info,balances,payments,investments,customers"
Houston Federal Credit Union,jackhenry:houstonfcu,"transactions,account_info,balances,payments,investments,customers"
KEMBA Financial CU,jackhenry:kemba,"transactions,account_info,balances,payments,investments,customers"
Key Community Bank,jackhenry:keycommunitybank,"transactions,account_info,balances,payments,investments,customers"
Keystone Bank,jackhenry:keystone,"transactions,account_info,balances,payments,investments,customers"
MA Bank,jackhenry:mabank,"transactions,account_info,balances,payments,investments,customers"
MAC FCU,jackhenry:macfcu,"transactions,account_info,balances,payments,investments,customers"
Magnolia Federal Credit Union,jackhenry:magfedcu,"transactions,account_info,balances,payments,investments,customers"
Green Belt Bank & Trust,jackhenry:greenbeltbank,"transactions,account_info,balances,payments,investments,customers"
Greenville Federal Credit Union,jackhenry:greenvillefcu,"transactions,account_info,balances,payments,investments,customers"
Gulfside Bank,jackhenry:gulfsidebank,"transactions,account_info,balances,payments,investments,customers"
Home Loan Investment Bank,jackhenry:homeloanbank,"transactions,account_info,balances,payments,investments,customers"
Hocking Valley Bank,jackhenry:hvbonline,"transactions,account_info,balances,payments,investments,customers"
KEB Hana Bank USA,jackhenry:kebhana,"transactions,account_info,balances,payments,investments,customers"
Keen Bank,jackhenry:keen,"transactions,account_info,balances,payments,investments,customers"
Luzerne Bank,jackhenry:luzernebank,"transactions,account_info,balances,payments,investments,customers"
Modesto's First FCU,jackhenry:m1fcu,"transactions,account_info,balances,payments,investments,customers"
Old West Federal Credit Union,jackhenry:oldwestfcu,"transactions,account_info,balances,payments,investments,customers"
The Pataskala Banking Co,jackhenry:pataskalabank,"transactions,account_info,balances,payments,investments,customers"
Security Bank of Kansas City,jackhenry:securitybankkc,"transactions,account_info,balances,payments,investments,customers"
Monesty Digital,jackhenry:monesty,"transactions,account_info,balances,payments,investments,customers"
Montrose Savings Bank,jackhenry:montrosesavingsbank,"transactions,account_info,balances,payments,investments,customers"
Mountain CU,jackhenry:mountaincu,"transactions,account_info,balances,payments,investments,customers"
The First National Bank of Louisburg,jackhenry:ibankfirst,"transactions,account_info,balances,payments,investments,customers"
Idaho First Bank,jackhenry:idahofirstbank,"transactions,account_info,balances,payments,investments,customers"
KV Federal Credit Union,jackhenry:kvfcu,"transactions,account_info,balances,payments,investments,customers"
Mainstreet Credit Union,jackhenry:mainstreetcu,"transactions,account_info,balances,payments,investments,customers"
Merchants & Planters Bank,jackhenry:mandp,"transactions,account_info,balances,payments,investments,customers"
Manhattan Bank,jackhenry:manhattanbank,"transactions,account_info,balances,payments,investments,customers"
Premier Community Credit Union,jackhenry:premierccu,"transactions,account_info,balances,payments,investments,customers"
Nebo Credit Union,jackhenry:nebocreditunion,"transactions,account_info,balances,payments,investments,customers"
The Neffs National Bank,jackhenry:neffsnatl,"transactions,account_info,balances,payments,investments,customers"
One Florida Bank,jackhenry:onefloridabank,"transactions,account_info,balances,payments,investments,customers"
One Source FCU,jackhenry:onesourcefcu,"transactions,account_info,balances,payments,investments,customers"
Peoples Bank & Trust (MO),jackhenry:pbtc,"transactions,account_info,balances,payments,investments,customers"
Peach State Bank & Trust,jackhenry:peachstate,"transactions,account_info,balances,payments,investments,customers"
Peoples Bank,jackhenry:peoples-ebank,"transactions,account_info,balances,payments,investments,customers"
PrimeTrust Financial FCU,jackhenry:primetrustcu,"transactions,account_info,balances,payments,investments,customers"
Peoples State Bank (OH),jackhenry:psbohio,"transactions,account_info,balances,payments,investments,customers"
Peoples State Bank ND,jackhenry:psbvelva,"transactions,account_info,balances,payments,investments,customers"
Security Credit Union,jackhenry:securitycu,"transactions,account_info,balances,payments,investments,customers"
Shamrock Bank,jackhenry:shamrockbank,"transactions,account_info,balances,payments,investments,customers"
Sherwood Community Bank,jackhenry:sherwoodbank,"transactions,account_info,balances,payments,investments,customers"
Mountain Valley Bank,jackhenry:mtnvalleybankonline,"transactions,account_info,balances,payments,investments,customers"
Middletown Valley Bank,jackhenry:mvbbank,"transactions,account_info,balances,payments,investments,customers"
NBT Financial,jackhenry:nbt,"transactions,account_info,balances,payments,investments,customers"
Glendale FCU,jackhenry:glendalefcu,"transactions,account_info,balances,payments,investments,customers"
Glenwood State Bank,jackhenry:glenwoodstate,"transactions,account_info,balances,payments,investments,customers"
GNBank,jackhenry:gn-bank,"transactions,account_info,balances,payments,investments,customers"
Golden Bank,jackhenry:goldenbank-na,"transactions,account_info,balances,payments,investments,customers"
Grand Valley Bank,jackhenry:grandvalleybank,"transactions,account_info,balances,payments,investments,customers"
The First National Bank of Groton,jackhenry:grotonbank,"transactions,account_info,balances,payments,investments,customers"
Grove Bank & Trust,jackhenry:grovebankandtrust,"transactions,account_info,balances,payments,investments,customers"
G W Jones Exchange Bank,jackhenry:gwjonesbank,"transactions,account_info,balances,payments,investments,customers"
Hawthorn Bank,jackhenry:hawthornbank,"transactions,account_info,balances,payments,investments,customers"
International Finance Bank,jackhenry:ifbbank,"transactions,account_info,balances,payments,investments,customers"
Lakeview Bank,jackhenry:lakeview-bank,"transactions,account_info,balances,payments,investments,customers"
Landings CU,jackhenry:landingscu,"transactions,account_info,balances,payments,investments,customers"
Heritage Bank of the Ozarks,jackhenry:heritagebankozarks,"transactions,account_info,balances,payments,investments,customers"
Nebraska Bank,jackhenry:ne,"transactions,account_info,balances,payments,investments,customers"
Northeast Bank,jackhenry:nebankmn,"transactions,account_info,balances,payments,investments,customers"
NE PA Community FCU,jackhenry:nepafcu,"transactions,account_info,balances,payments,investments,customers"
New Market Bank,jackhenry:newmarket,"transactions,account_info,balances,payments,investments,customers"
OMNI Community Credit Union,jackhenry:omnicommunitycu,"transactions,account_info,balances,payments,investments,customers"
PCSB Bank,jackhenry:pcsb,"transactions,account_info,balances,payments,investments,customers"
Marine Bank & Trust,jackhenry:marinebank,"transactions,account_info,balances,payments,investments,customers"
Prince George's Community FCU,jackhenry:princegeorgescfcu,"transactions,account_info,balances,payments,investments,customers"
Horizon Financial Bank,jackhenry:horizonfinancialbank,"transactions,account_info,balances,payments,investments,customers"
Israel Discount Bank of New York,jackhenry:idbny,"transactions,account_info,balances,payments,investments,customers"
Institution for Savings,jackhenry:ifs,"transactions,account_info,balances,payments,investments,customers"
INTRUST Bank,jackhenry:intrustbank,"transactions,account_info,balances,payments,investments,customers"
Jersey Shore Federal Credit Union,jackhenry:jerseyshorefcu,"transactions,account_info,balances,payments,investments,customers"
Kimberly Clark CU,jackhenry:kimberlyclarkcu,"transactions,account_info,balances,payments,investments,customers"
KodaBank,jackhenry:kodabank,"transactions,account_info,balances,payments,investments,customers"
Lake Elmo Bank,jackhenry:lakeelmobank,"transactions,account_info,balances,payments,investments,customers"
LCNB National Bank,jackhenry:lcnb,"transactions,account_info,balances,payments,investments,customers"
Linn-Co FCU,jackhenry:linncofcu,"transactions,account_info,balances,payments,investments,customers"
Lake-Osceola State Bank,jackhenry:losb,"transactions,account_info,balances,payments,investments,customers"
Matadors Community Credit Union,jackhenry:matadors,"transactions,account_info,balances,payments,investments,customers"
Citizens State Bank,jackhenry:mycsbin,"transactions,account_info,balances,payments,investments,customers"
Coosa Valley Credit Union,jackhenry:mycvcu,"transactions,account_info,balances,payments,investments,customers"
Farmers Bank & Trust Co.,jackhenry:myfarmers,"transactions,account_info,balances,payments,investments,customers"
First Bank,jackhenry:myfirst,"transactions,account_info,balances,payments,investments,customers"
Financial Plus Credit Union,jackhenry:myfpcu,"transactions,account_info,balances,payments,investments,customers"
O Bee Credit Union,jackhenry:obee,"transactions,account_info,balances,payments,investments,customers"
Oxford Federal Credit Union,jackhenry:ofcu,"transactions,account_info,balances,payments,investments,customers"
Old Hickory CU,jackhenry:ohcu,"transactions,account_info,balances,payments,investments,customers"
Ohio Catholic Federal Credit Union,jackhenry:ohiocatholicfcu,"transactions,account_info,balances,payments,investments,customers"
Olean Area Federal Credit Union,jackhenry:oleanareafcu,"transactions,account_info,balances,payments,investments,customers"
Omega Federal Credit Union,jackhenry:omegafcu,"transactions,account_info,balances,payments,investments,customers"
Outdoor Bank,jackhenry:outdoorbank,"transactions,account_info,balances,payments,investments,customers"
Ohio Valley Bank,jackhenry:ovbc,"transactions,account_info,balances,payments,investments,customers"
Palisades Federal Credit Union,jackhenry:palisadesfcu,"transactions,account_info,balances,payments,investments,customers"
Peoples Bank of Deer Lodge,jackhenry:pbdl,"transactions,account_info,balances,payments,investments,customers"
Pelican State Credit Union,jackhenry:pelicanstatecu,"transactions,account_info,balances,payments,investments,customers"
Peoples Advantage FCU,jackhenry:peoplesadvfcu,"transactions,account_info,balances,payments,investments,customers"
Peoples Bank (KS),jackhenry:peoplesbankcoldwater,"transactions,account_info,balances,payments,investments,customers"
Peoples Community Bank,jackhenry:peoplescommunitybank,"transactions,account_info,balances,payments,investments,customers"
Pinellas FCU,jackhenry:pinellasfcu,"transactions,account_info,balances,payments,investments,customers"
Pike National Bank,jackhenry:pnb-ms,"transactions,account_info,balances,payments,investments,customers"
Premier Bank of the South,jackhenry:premierbankofthesouth,"transactions,account_info,balances,payments,investments,customers"
Primary Bank,jackhenry:primarybanknh,"transactions,account_info,balances,payments,investments,customers"
Platte Valley Bank,jackhenry:pvbank,"transactions,account_info,balances,payments,investments,customers"
Raritan State Bank,jackhenry:raritanstatebank,"transactions,account_info,balances,payments,investments,customers"
Rosedale Federal Savings & Loan Association,jackhenry:rosedalefederal,"transactions,account_info,balances,payments,investments,customers"
United Citizens Bank & Trust Co,jackhenry:unitedcitizensbank,"transactions,account_info,balances,payments,investments,customers"
Security Federal Bank,jackhenry:securityfederalbank,"transactions,account_info,balances,payments,investments,customers"
Signature FCU,jackhenry:signaturefcu,"transactions,account_info,balances,payments,investments,customers"
Tandem Bank,jackhenry:tandem,"transactions,account_info,balances,payments,investments,customers"
Heartland Bank and Trust Company,jackhenry:townandcountrybank,"transactions,account_info,balances,payments,investments,customers"
The First National Bank of Williamson,jackhenry:yourfnbonline,"transactions,account_info,balances,payments,investments,customers"
Benchmark Federal Credit Union,jackhenry:benchmarkfcu,"customers,investments,payments,transactions,account_info,balances"
Southwest Missouri Bank,jackhenry:smbonline,"transactions,account_info,balances,payments,investments,customers"
Sonata Bank,jackhenry:sonatabank,"transactions,account_info,balances,payments,investments,customers"
Texas Bank and Trust,jackhenry:texasbankandtrust,"transactions,account_info,balances,payments,investments,customers"
The Bank & Trust,jackhenry:thebankandtrust,"transactions,account_info,balances,payments,investments,customers"
TPNB Bank,jackhenry:tpnbbank,"transactions,account_info,balances,payments,investments,customers"
Triangle Federal Credit Union,jackhenry:trianglefcu,"transactions,account_info,balances,payments,investments,customers"
United Financial Credit Union,jackhenry:unitedfinancialcu,"transactions,account_info,balances,payments,investments,customers"
UniWyo Credit Union,jackhenry:uniwyo,"transactions,account_info,balances,payments,investments,customers"
Ukrainian Selfreliance MI FCU,jackhenry:usmfcu,"transactions,account_info,balances,payments,investments,customers"
WEPCO FCU,jackhenry:wepcofcu,"transactions,account_info,balances,payments,investments,customers"
West Central Bank,jackhenry:westcentralbank,"transactions,account_info,balances,payments,investments,customers"
First State Bank and Trust-Bayport MN,jackhenry:fsbt,"transactions,account_info,balances,payments,investments,customers"
First Southwest Bank CO,jackhenry:fswb,"transactions,account_info,balances,payments,investments,customers"
Skowhegan Savings Bank,jackhenry:skowhegan,"transactions,account_info,balances,payments,investments,customers"
Slovenian Savings & Loan,jackhenry:sloveniansavings,"transactions,account_info,balances,payments,investments,customers"
Third Coast Bank,jackhenry:tcbssb,"transactions,account_info,balances,payments,investments,customers"
Telcoe Federal Credit Union,jackhenry:telcoe,"transactions,account_info,balances,payments,investments,customers"
The Bank of Elk River,jackhenry:thebankofelkriver,"transactions,account_info,balances,payments,investments,customers"
Trailhead Federal Credit Union,jackhenry:trailheadcu,"transactions,account_info,balances,payments,investments,customers"
Table Rock Community Bank,jackhenry:trcbank,"transactions,account_info,balances,payments,investments,customers"
United Mississippi Bank,jackhenry:unitedms,"transactions,account_info,balances,payments,investments,customers"
Univest Bank and Trust Co. Member FDIC,jackhenry:univest,"transactions,account_info,balances,payments,investments,customers"
West Central Georgia Bank,jackhenry:wcgb,"transactions,account_info,balances,payments,investments,customers"
WebBank,jackhenry:webbank,"transactions,account_info,balances,payments,investments,customers"
First Western Bank & Trust,jackhenry:firstwesternbank,"transactions,account_info,balances,payments,investments,customers"
The First National Bank (Allendale),jackhenry:fnbabank,"transactions,account_info,balances,payments,investments,customers"
First National Bank Cortez,jackhenry:fnbcortez,"transactions,account_info,balances,payments,investments,customers"
Southern Bank of Tennessee,jackhenry:southernbankoftn,"transactions,account_info,balances,payments,investments,customers"
State Bank of Southwest Missouri,jackhenry:state,"transactions,account_info,balances,payments,investments,customers"
The Cornerstone Bank,jackhenry:thecornerstonebank,"transactions,account_info,balances,payments,investments,customers"
The Dime Bank,jackhenry:thedimebank,"transactions,account_info,balances,payments,investments,customers"
Tru Fi CU,jackhenry:truficu,"transactions,account_info,balances,payments,investments,customers"
Truity FCU,jackhenry:truitycu,"transactions,account_info,balances,payments,investments,customers"
TruStar Federal Credit Union,jackhenry:trustarfcu,"transactions,account_info,balances,payments,investments,customers"
United States Senate FCU,jackhenry:ussfcu,"transactions,account_info,balances,payments,investments,customers"
United Texas Bank,jackhenry:utb,"transactions,account_info,balances,payments,investments,customers"
Valley State Bank,jackhenry:valleystate,"transactions,account_info,balances,payments,investments,customers"
Western AgCredit,jackhenry:westernagcredit,"transactions,account_info,balances,payments,investments,customers"
West Plains Bank and Trust Company,jackhenry:westplainsbank,"transactions,account_info,balances,payments,investments,customers"
West Shore Bank,jackhenry:westshorebank,"transactions,account_info,balances,payments,investments,customers"
Wesleyan Investment Foundation,jackhenry:wifonline,"transactions,account_info,balances,payments,investments,customers"
Star Choice Credit Union,jackhenry:starchoicecu,"transactions,account_info,balances,payments,investments,customers"
State Bank,jackhenry:statebank1910,"transactions,account_info,balances,payments,investments,customers"
The Miners State Bank,jackhenry:theminersstatebank,"transactions,account_info,balances,payments,investments,customers"
Citizens Bank & Trust,jackhenry:trustcbt,"transactions,account_info,balances,payments,investments,customers"
Tulare County FCU,jackhenry:tularefcu,"transactions,account_info,balances,payments,investments,customers"
Verus Bank of Commerce,jackhenry:verusboc,"transactions,account_info,balances,payments,investments,customers"
Victory Bank,jackhenry:victorybank,"transactions,account_info,balances,payments,investments,customers"
Washington State Bank,jackhenry:washsb,"transactions,account_info,balances,payments,investments,customers"
Western Nebraska Bank,jackhenry:westernnebraskabank,"transactions,account_info,balances,payments,investments,customers"
West Point Bank,jackhenry:westpointbank,"transactions,account_info,balances,payments,investments,customers"
WestStar Credit Union,jackhenry:weststar,"transactions,account_info,balances,payments,investments,customers"
Watertown Savings Bank,jackhenry:wsbny,"transactions,account_info,balances,payments,investments,customers"
Stockgrowers State Bank,jackhenry:stockgrowersbank,"transactions,account_info,balances,payments,investments,customers"
St. Simons Bank and Trust,jackhenry:stsimonsbank,"transactions,account_info,balances,payments,investments,customers"
SunWest Educational Credit Union,jackhenry:sunwestecu,"transactions,account_info,balances,payments,investments,customers"
The State Bank Group,jackhenry:thestatebankgroup,"transactions,account_info,balances,payments,investments,customers"
Stockmens Bank,jackhenry:thestockmensbank,"transactions,account_info,balances,payments,investments,customers"
The Union Bank,jackhenry:theunionbank,"transactions,account_info,balances,payments,investments,customers"
Texas Community Bank,jackhenry:tx-communitybank,"transactions,account_info,balances,payments,investments,customers"
Union Bank,jackhenry:ubmich,"transactions,account_info,balances,payments,investments,customers"
Universal City Studios CU,jackhenry:ucscu,"transactions,account_info,balances,payments,investments,customers"
Interfaith Federal Credit Union,jackhenry:umfcu,"transactions,account_info,balances,payments,investments,customers"
Volunteer Federal Savings Bank,jackhenry:volfed,"transactions,account_info,balances,payments,investments,customers"
Wilson Bank & Trust,jackhenry:wilsonbank,"transactions,account_info,balances,payments,investments,customers"
West Michigan Community Bank,jackhenry:wmcb,"transactions,account_info,balances,payments,investments,customers"
Yellowstone Bank,jackhenry:yellowstone,"transactions,account_info,balances,payments,investments,customers"
Success Federal Credit Union,jackhenry:successcreditunion,"transactions,account_info,balances,payments,investments,customers"
Tioga State Bank,jackhenry:tiogabank,"transactions,account_info,balances,payments,investments,customers"
Tompkins Community Bank,jackhenry:tompkinsbank,"transactions,account_info,balances,payments,investments,customers"
United Bank,jackhenry:united-bk,"transactions,account_info,balances,payments,investments,customers"
Watermark Bank,jackhenry:watermarkbank,"transactions,account_info,balances,payments,investments,customers"
Washington Trust Bank,jackhenry:watrust,"transactions,account_info,balances,payments,investments,customers"
Western Bank,jackhenry:wbartesia,"transactions,account_info,balances,payments,investments,customers"
West Virginia Central FCU,jackhenry:wvccu,"transactions,account_info,balances,payments,investments,customers"
Wyoming Community Bank,jackhenry:wyocb,"transactions,account_info,balances,payments,investments,customers"
Siouxland Federal Credit Union,jackhenry:siouxlandfederalcu,"transactions,account_info,balances,payments,investments,customers"
Southern Michigan Bank & Trust,jackhenry:smb-t,"transactions,account_info,balances,payments,investments,customers"
South Atlantic Bank,jackhenry:southatlantic,"transactions,account_info,balances,payments,investments,customers"
Southeastern CU,jackhenry:southeasterncu,"transactions,account_info,balances,payments,investments,customers"
Sterling FCU,jackhenry:sterlingcreditunion,"transactions,account_info,balances,payments,investments,customers"
Sunlight Federal Credit Union,jackhenry:sunlightfcu,"transactions,account_info,balances,payments,investments,customers"
Sweet Water State Bank,jackhenry:sweetwaterstbk,"transactions,account_info,balances,payments,investments,customers"
Taylor Bank,jackhenry:taylorbank,"transactions,account_info,balances,payments,investments,customers"
Transit Employees FCU,jackhenry:tefcu,"transactions,account_info,balances,payments,investments,customers"
Tennessee State Bank,jackhenry:tnstatebank,"transactions,account_info,balances,payments,investments,customers"
United National Bank,jackhenry:unbonline,"transactions,account_info,balances,payments,investments,customers"
HNB National Bank,jackhenry:hnbbanks,"transactions,account_info,balances,customers,investments,payments"
The First Bank,jackhenry:thefirstbank,"transactions,account_info,balances,payments,investments,customers"
F&M Bank,jackhenry:thefmbank,"transactions,account_info,balances,payments,investments,customers"
Tinker Federal Credit Union,jackhenry:tinkerfcu,"transactions,account_info,balances,payments,investments,customers"
Tri-County Bank,jackhenry:tri-countybank,"transactions,account_info,balances,payments,investments,customers"
TruCommunity Bank,jackhenry:trucommunity,"transactions,account_info,balances,payments,investments,customers"
The State Bank of Faribault,jackhenry:tsbf,"transactions,account_info,balances,payments,investments,customers"
Upper Cumberland Federal Credit Union,jackhenry:ucfcu,"transactions,account_info,balances,payments,investments,customers"
United Southeast FCU,jackhenry:usfcu,"transactions,account_info,balances,payments,investments,customers"
Virginia Partners Bank,jackhenry:vapartnersbank,"transactions,account_info,balances,payments,investments,customers"
Vocality Community Credit Union,jackhenry:vocalityccu,"transactions,account_info,balances,payments,investments,customers"
Western Co-Op CU,jackhenry:wccu,"transactions,account_info,balances,payments,investments,customers"
Wellby Financial,jackhenry:wellbyfinancial,"transactions,account_info,balances,payments,investments,customers"
First National Bank of Jeanerette,jackhenry:yourfnb,"transactions,account_info,balances,payments,investments,customers"
Platte Valley Bank - Torrington,jackhenry:pvbanktorrington,"transactions,account_info,balances,payments,investments,customers"
First Bank and Trust Company,jackhenry:firstbanktrust,"transactions,account_info,balances,payments,investments,customers"
RiverWood Bank,jackhenry:riverwoodbank,"account_info,balances,customers,investments,payments,transactions"
First National Bank of Jasper,jackhenry:fnbjasper,"balances,customers,investments,payments,transactions,account_info"
Citizens Bank of Lafayette,jackhenry:mycitizensbank,"account_info,balances,customers,investments,payments,transactions"
Bank of Madison,jackhenry:bankofmadisonga,"customers,investments,payments,transactions,account_info,balances"
OUR Credit Union,jackhenry:ourcuonline,"balances,customers,investments,payments,transactions,account_info"
Great Falls Federal Credit Union,jackhenry:greatfallsfcu,"transactions,account_info,balances,customers,investments,payments"
American Bank,jackhenry:americanbankmontana,"customers,investments,payments,transactions,account_info,balances"
Bank of Pontiac,jackhenry:bankofpontiac,"transactions,account_info,balances,customers,investments,payments"
Commercial Bank,jackhenry:commercialbankky,"account_info,balances,customers,investments,payments,transactions"
Colorado Federal Savings Bank,jackhenry:coloradofederalbank,"balances,customers,investments,payments,transactions,account_info"
Alton Bank,jackhenry:altonbank,"transactions,account_info,balances,customers,investments,payments"
Eastmill Federal Credit Union,jackhenry:eastmillfcu,"account_info,balances,customers,investments,payments,transactions"
Community National Bank,jackhenry:communitynationalbank,"payments,transactions,account_info,balances,customers,investments"
Capital Area FCU,jackhenry:capitalareafcu,"payments,transactions,account_info,balances,customers,investments"
Bank of Millbrook,jackhenry:bankofmillbrook,"balances,customers,investments,payments,transactions,account_info"
Farmers & Merchants National Bank,jackhenry:bankwithfmb,"balances,customers,investments,payments,transactions,account_info"
Bank of Commerce,jackhenry:bankboc,"payments,transactions,account_info,balances,customers,investments"
First Federal Bank & Trust,jackhenry:efirstfederal,"investments,payments,transactions,account_info,balances,customers"
First National Bank Spearman,jackhenry:fnbhome,"transactions,account_info,balances,customers,investments,payments"
First National Bank,jackhenry:fnbclarksdale,"transactions,account_info,balances,customers,investments,payments"
FNC Bank,jackhenry:fnc,"account_info,balances,customers,investments,payments,transactions"
First State Bank,jackhenry:fsbwy,"balances,customers,investments,payments,transactions,account_info"
Pikes Peak National Bank,jackhenry:ppnb,"balances,customers,investments,payments,transactions,account_info"
Members Choice CU - KY,jackhenry:mccu,"transactions,account_info,balances,customers,investments,payments"
Citizens Bank of Edina,jackhenry:cbofe,"transactions,account_info,balances,customers,investments,payments"
Hebron Savings Bank,jackhenry:hebronsavingsbank,"balances,customers,investments,payments,transactions,account_info"
State Central Bank,jackhenry:statecentralbank,"transactions,account_info,balances,customers,investments,payments"
MainStreet Bank,jackhenry:mstreetbank,"account_info,balances,customers,investments,payments,transactions"
Prime Meridian Bank,jackhenry:primemeridianbank,"payments,transactions,account_info,balances,customers,investments"
The Peoples Bank,jackhenry:thepeoples,"investments,payments,transactions,account_info,balances,customers"
Bank of Franklin,jackhenry:bankoffranklin,"balances,customers,investments,payments,transactions,account_info"
KS Bank,jackhenry:ksbankinc,"balances,customers,investments,payments,transactions,account_info"
Pinnacle Bank,jackhenry:pinnaclebanc,"account_info,balances,customers,investments,payments,transactions"
Logan County Bank,jackhenry:logancountybank,"balances,customers,investments,payments,transactions,account_info"
Minnesota Power Employees CU,jackhenry:mpecu,"customers,investments,payments,transactions,account_info,balances"
The Peoples Bank,jackhenry:thepeoplesbankoftn,"account_info,balances,customers,investments,payments,transactions"
United Bay Community Credit Union,jackhenry:ubccu,"balances,customers,investments,payments,transactions,account_info"
CBBC Bank,jackhenry:cbbcbank,"account_info,balances,customers,investments,payments,transactions"
Community First Banking Company,jackhenry:cfbankco,"transactions,account_info,balances,customers,investments,payments"
Bank of Yates City,jackhenry:bankofyatescity,"account_info,balances,customers,investments,payments,transactions"
First Bank,jackhenry:firstiowa,"transactions,account_info,balances,customers,investments,payments"
Community First Bank (WI),jackhenry:cfbank,"customers,investments,payments,transactions,account_info,balances"
PEOPLESSOUTH BANK,jackhenry:peoplessouth,"balances,customers,investments,payments,transactions,account_info"
Platinum Federal Credit Union,jackhenry:platinumfcu,"transactions,account_info,balances,customers,investments,payments"
Lanco FCU,jackhenry:lancofcu,"account_info,balances,customers,investments,payments,transactions"
Southwest Montana Community FCU,jackhenry:swmcfcu,"account_info,balances,customers,investments,payments,transactions"
The Community Bank,jackhenry:thecombank,"transactions,account_info,balances,customers,investments,payments"
First State Bank and Trust Co,jackhenry:fsbcarthage,"investments,payments,transactions,account_info,balances,customers"
Sunrise Bank,jackhenry:sunrise,"account_info,balances,customers,investments,payments,transactions"
Casco Federal Credit Union,jackhenry:cascofcu,"account_info,balances,customers,investments,payments,transactions"
Peoples Federal Credit Union,jackhenry:peoplesfcu,"customers,investments,payments,transactions,account_info,balances"
The Bank N.A.,jackhenry:thebankna,"customers,investments,payments,transactions,account_info,balances"
Coast Line Credit Union,jackhenry:coastlinecu,"account_info,balances,customers,investments,payments,transactions"
First National Bank,jackhenry:fnbosakis,"account_info,balances,customers,investments,payments,transactions"
Century Bank & Trust,jackhenry:centurybankonline,"investments,payments,transactions,account_info,balances,customers"
North Shore Bank of Commerce,jackhenry:northshore,"balances,customers,investments,payments,transactions,account_info"
Touchmark National Bank,jackhenry:touchmarknb,"transactions,account_info,balances,customers,investments,payments"
Edison National Bank,jackhenry:edisonnationalbank,"balances,customers,investments,payments,transactions,account_info"
Golden State Bank,jackhenry:goldenstatebank,"account_info,balances,customers,investments,payments,transactions"
Pan American Bank & Trust,jackhenry:panamerbank,"balances,customers,investments,payments,transactions,account_info"
Woodsville Guaranty Savings Bank,jackhenry:theguarantybank,"account_info,balances,customers,investments,payments,transactions"
The Home Loan Savings Bank,jackhenry:homeloansavingsbank,"customers,investments,payments,transactions,account_info,balances"
Northeast Georgia Bank,jackhenry:northeastgabank,"transactions,account_info,balances,customers,investments,payments"
Texas State Bank (San Angelo),jackhenry:txbank,"investments,payments,transactions,account_info,balances,customers"
Hawaii National Bank,jackhenry:hawaiinational,"account_info,balances,customers,investments,payments,transactions"
Strait View Credit Union,jackhenry:svcu,"transactions,account_info,balances,customers,investments,payments"
Sonora Bank,jackhenry:sonorabank,"customers,investments,payments,transactions,account_info,balances"
Citizens Tri-County Bank,jackhenry:citizenstricounty,"customers,investments,payments,transactions,account_info,balances"
Hershey Federal Credit Union,jackhenry:hersheyfcu,"balances,customers,investments,payments,transactions,account_info"
People's Bank of Seneca,jackhenry:peoplesbankofseneca,"account_info,balances,customers,investments,payments,transactions"
PILOT GROVE SAVINGS BANK,jackhenry:pilotgrovesavingsbank,"transactions,account_info,balances,customers,investments,payments"
The First National Bank of Central Texas,jackhenry:fnbct,"account_info,balances,customers,investments,payments,transactions"
WNB Financial N.A.,jackhenry:wnbfinancial,"investments,payments,transactions,account_info,balances,customers"
The Hill-Dodge Banking Company,jackhenry:hilldodge,"account_info,balances,customers,investments,payments,transactions"
Icon Business Bank,jackhenry:iconbusinessbank,"payments,transactions,account_info,balances,customers,investments"
United Local Credit Union,jackhenry:unitedlocal,"account_info,balances,customers,investments,payments,transactions"
Texell Credit Union,jackhenry:texell,"investments,payments,transactions,account_info,balances,customers"
TEXAR Federal Credit Union,jackhenry:gotexar,"account_info,balances,customers,investments,payments,transactions"
The Baxter State Bank,jackhenry:baxterstatebank,"transactions,account_info,balances,customers,investments,payments"
Firefighters Community Credit Union,jackhenry:ffcommunity,"account_info,balances,customers,investments,payments,transactions"
Artisans' Bank,jackhenry:artisansbank,"transactions,account_info,balances,customers,investments,payments"
Southeastern Bank,jackhenry:southeasternbank,"account_info,balances,customers,investments,payments,transactions"
AmeriFirst Bank,jackhenry:amerifirstbank,"customers,investments,payments,transactions,account_info,balances"
Pathway Bank,jackhenry:pathwaybank,"payments,transactions,account_info,balances,customers,investments"
Two Rivers Bank & Trust,jackhenry:tworivers,"customers,investments,payments,transactions,account_info,balances"
Hope Credit Union,jackhenry:hopecu,"account_info,balances,customers,investments,payments,transactions"
First Federal Savings Bank,jackhenry:ffsbangola,"customers,investments,payments,transactions,account_info,balances"
First Bank of Manhattan,jackhenry:fnbmanhattan,"account_info,balances,customers,investments,payments,transactions"
Farmers State Bank,jackhenry:cantonfarmersstatebank,"balances,customers,investments,payments,transactions,account_info"
Sabattus Regional Credit Union,jackhenry:srcu4u,"balances,customers,investments,payments,transactions,account_info"
The First National Bank of Milaca,jackhenry:fnbmilaca,"account_info,balances,customers,investments,payments,transactions"
Town & Country Bank Midwest,jackhenry:tcbankmidwest,"customers,investments,payments,transactions,account_info,balances"
Mid American CU,jackhenry:midamerican,"customers,investments,payments,transactions,account_info,balances"

